Problem type,Algorithm,Dimension,Iterations,Residue,Abs. error
RandMatr,Gauss,3,1,6.280369834735101e-16,6.661338147750939e-16
RandMatr,Gauss,4,1,4.5288390936029406e-15,9.805224261780596e-16
RandMatr,Gauss,5,1,1.5131651520584218e-14,4.3723621762115566e-15
RandMatr,Gauss,6,1,3.871479975306501e-15,3.3306690738754696e-15
RandMatr,Gauss,7,1,1.0630349226291202e-14,8.715073954408565e-15
RandMatr,Gauss,8,1,1.1574041751602725e-14,6.416282295162952e-15
RandMatr,Gauss,9,1,2.5937433194782287e-14,2.2089144724532517e-13
RandMatr,Gauss,10,1,3.164075628614457e-13,1.1181075868990874e-13
RandMatr,Gauss,11,1,4.589178014914008e-13,6.494899584220791e-14
RandMatr,Gauss,12,1,1.0532032284198028e-13,1.3714863227721061e-13
RandMatr,Gauss,13,1,5.675918767041098e-13,1.0670810275850649e-11
RandMatr,Gauss,14,1,7.366126880075054e-14,9.545981379861943e-15
RandMatr,Gauss,15,1,1.573887495981568e-13,2.3694094613064132e-14
RandMatr,Gauss,16,1,2.2337643111357885e-13,2.913843727963197e-14
RandMatr,Gauss,17,1,4.3861538192449916e-14,2.8810875751479083e-14
RandMatr,Gauss,18,1,2.8334048772187505e-13,5.218083648267658e-14
RandMatr,Gauss,19,1,2.117020354733219e-13,8.27697139872849e-14
RandMatr,Gauss,20,1,4.484608450664365e-13,1.4393115585027391e-13
RandMatr,Gauss,21,1,1.4798689893927939e-12,4.0453873241349566e-13
RandMatr,Gauss,22,1,1.0346764919923567e-12,6.881290470095026e-13
RandMatr,Gauss,23,1,2.257621527301741e-13,2.9592598508019395e-14
RandMatr,Gauss,24,1,4.380476629308887e-12,6.393905873780337e-13
RandMatr,Gauss,25,1,1.8523639681001043e-12,1.849191682472675e-13
RandMatr,Gauss,26,1,4.1837163411631264e-13,2.1219748752897877e-13
RandMatr,Gauss,27,1,9.823209153779493e-13,1.8096321984204528e-13
RandMatr,Gauss,28,1,4.1126215550257334e-13,1.3527250921967785e-13
RandMatr,Gauss,29,1,8.617403252959573e-11,2.396458211174383e-09
RandMatr,Gauss,30,1,1.6174303024073574e-12,2.928981524428664e-09
RandMatr,Gauss,31,1,7.260907471439137e-13,9.385029848554281e-14
RandMatr,Gauss,32,1,1.3194434501183578e-12,2.286756794088834e-13
RandMatr,Gauss,33,1,1.8003290414260557e-11,7.37230415893566e-12
RandMatr,Gauss,34,1,3.9145204357772573e-13,3.2063781065513695e-13
RandMatr,Gauss,35,1,1.8231559049827958e-11,1.1579998752130134e-12
RandMatr,Gauss,36,1,1.4900095701844554e-12,1.2749373127884353e-13
RandMatr,Gauss,37,1,1.6833805879813773e-12,7.471449981736001e-13
RandMatr,Gauss,38,1,2.756573693559025e-12,1.718269747513578e-12
RandMatr,Gauss,39,1,5.1592158097430594e-12,1.0736113018178397e-12
RandMatr,Gauss,40,1,3.3728330785006914e-12,1.90653929370484e-12
RandMatr,Gauss,41,1,2.8044729448039587e-11,2.8911362613517776e-12
RandMatr,Gauss,42,1,6.799812135136623e-13,3.808887324645897e-12
RandMatr,Gauss,43,1,2.0792366651048236e-11,9.236520065575683e-12
RandMatr,Gauss,44,1,1.891335382986912e-12,2.5047239196536577e-13
RandMatr,Gauss,45,1,4.029661623851012e-12,5.119230902452289e-13
RandMatr,Gauss,46,1,8.467100515172707e-12,2.9165874362238222e-12
RandMatr,Gauss,47,1,1.2454900636607267e-11,1.7280799662141207e-12
RandMatr,Gauss,48,1,4.290772646418615e-12,1.4135390854084869e-12
RandMatr,Gauss,49,1,5.119308207068158e-12,7.44189742284228e-12
RandMatr,Gauss,50,1,4.8202382297180213e-11,5.133378301728585e-12
Hilbert,Gauss,3,1,2.220446049250313e-16,1.7609551143107597e-14
Hilbert,Seidel,3,941,2.9581199196339025e-11,6.939641669519559e-09
Hilbert,Gauss,4,1,0.0,1.531093756529614e-13
Hilbert,Seidel,4,10000,1.2719790958257287e-09,9.903735626126496e-06
Hilbert,Gauss,5,1,2.220446049250313e-16,3.0608585660498125e-11
Hilbert,Seidel,5,10000,1.140478741357386e-07,0.028254512200208304
Hilbert,Gauss,6,1,1.5700924586837752e-16,7.258147920984413e-10
Hilbert,Seidel,6,10000,3.380946726021636e-07,0.02073720936153284
Hilbert,Gauss,7,1,1.1102230246251565e-16,1.8075198854641644e-08
Hilbert,Seidel,7,10000,2.2101621569937566e-07,0.020487009269189543
Hilbert,Gauss,8,1,0.0,8.023442235798661e-07
Hilbert,Seidel,8,10000,5.443130055759177e-08,0.03232382186687323
Hilbert,Gauss,9,1,4.710277376051325e-16,2.268008558115055e-05
Hilbert,Seidel,9,10000,1.505262409786767e-07,0.04065095117638622
Hilbert,Gauss,10,1,6.933340566559918e-16,0.000975841638153908
Hilbert,Seidel,10,10000,3.0029529546643017e-07,0.04358236611879375
Hilbert,Gauss,11,1,4.2998752849492583e-16,0.004344110721989929
Hilbert,Seidel,11,10000,4.6272140671461403e-07,0.04139647923961732
Hilbert,Gauss,12,1,4.710277376051325e-16,0.7149221231696415
Hilbert,Seidel,12,10000,5.851859986583324e-07,0.03693233024393297
Hilbert,Gauss,13,1,6.280369834735101e-16,10.807097172818137
Hilbert,Seidel,13,10000,6.244081478172385e-07,0.034875692004230775
Hilbert,Gauss,14,1,5.551115123125783e-16,2.258333019777664
Hilbert,Seidel,14,10000,5.708524392615573e-07,0.038130485834961036
Hilbert,Gauss,15,1,6.661338147750939e-16,21.406484723230907
Hilbert,Seidel,15,10000,4.492194689629514e-07,0.04498193611467747
Hilbert,Gauss,16,1,4.66161482198069e-15,122.76118904764037
Hilbert,Seidel,16,10000,3.0631005257694344e-07,0.052454707435479676
Hilbert,Gauss,17,1,6.280369834735101e-16,13.843808375329928
Hilbert,Seidel,17,10000,2.1433511894781142e-07,0.05888504109760943
Hilbert,Gauss,18,1,4.334137781101951e-15,143.53672777704955
Hilbert,Seidel,18,10000,2.5181214558150604e-07,0.06368114823266413
Hilbert,Gauss,19,1,1.1801832636420706e-15,43.82211297546329
Hilbert,Seidel,19,10000,3.663815613194171e-07,0.06675050281863948
Hilbert,Gauss,20,1,1.4087150935148696e-15,79.03233711694408
Hilbert,Seidel,20,10000,4.958716526892491e-07,0.06820584607853826
Hilbert,Gauss,21,1,1.870981097424087e-15,76.92993290376533
Hilbert,Seidel,21,10000,6.238345961596251e-07,0.06826008231771065
Hilbert,Gauss,22,1,1.2609709600486848e-15,111.09221730178432
Hilbert,Seidel,22,10000,7.452922566315196e-07,0.06720319235704214
Hilbert,Gauss,23,1,3.102671145001539e-15,83.06772579062631
Hilbert,Seidel,23,10000,8.565306779518946e-07,0.06540270307412484
Hilbert,Gauss,24,1,2.0014830212433605e-15,46.30839942397418
Hilbert,Seidel,24,10000,9.535088422733008e-07,0.0632998757713618
Hilbert,Gauss,25,1,3.653629104128771e-15,104.67452567359534
Hilbert,Seidel,25,10000,1.0321708347019556e-06,0.06138615392179808
Hilbert,Gauss,26,1,4.3027409135812045e-15,288.6634133162324
Hilbert,Seidel,26,10000,1.0890468787776113e-06,0.060148591322342806
Hilbert,Gauss,27,1,9.603910461506708e-15,348.8905488984774
Hilbert,Seidel,27,10000,1.121725596998673e-06,0.059983750694386606
Hilbert,Gauss,28,1,1.1319375748697188e-14,266.539512571642
Hilbert,Seidel,28,10000,1.1291191191684864e-06,0.06110685094673541
Hilbert,Gauss,29,1,7.443463752859418e-15,148.7295304627678
Hilbert,Seidel,29,10000,1.1115466091088461e-06,0.06350729014767016
Hilbert,Gauss,30,1,3.4826335462941055e-15,193.68618125395687
Hilbert,Seidel,30,10000,1.070692515432992e-06,0.06698186162890511
Hilbert,Gauss,31,1,3.844322569874944e-15,137.47646526757663
Hilbert,Seidel,31,10000,1.0095056858118006e-06,0.07122095518589722
Hilbert,Gauss,32,1,8.258298277895107e-15,176.22721232888688
Hilbert,Seidel,32,10000,9.321133678574096e-07,0.07589500323443218
Hilbert,Gauss,33,1,2.1413206232596582e-15,166.7231866476558
Hilbert,Seidel,33,10000,8.438370831614917e-07,0.08070946498720687
Hilbert,Gauss,34,1,5.864248041051681e-15,490.00268926936667
Hilbert,Seidel,34,10000,7.514114644812791e-07,0.08542746049651967
Hilbert,Gauss,35,1,6.596257219332524e-15,386.79925829128916
Hilbert,Seidel,35,10000,6.634729936043873e-07,0.08987217939079882
Hilbert,Gauss,36,1,3.233377939748715e-13,8453.561697922027
Hilbert,Seidel,36,10000,5.910915064920712e-07,0.09392015221910643
Hilbert,Gauss,37,1,1.4992122205670816e-14,603.972217997437
Hilbert,Seidel,37,10000,5.471159162514848e-07,0.09749183529495108
Hilbert,Gauss,38,1,2.5267758967901533e-14,655.1386397979325
Hilbert,Seidel,38,10000,5.420453130401876e-07,0.10054243944955
Hilbert,Gauss,39,1,2.0297658330539448e-14,586.1713880328731
Hilbert,Seidel,39,10000,5.776240933411051e-07,0.10305404887013825
Hilbert,Gauss,40,1,1.137802575659567e-14,242.9273075233661
Hilbert,Seidel,40,10000,6.459921030061333e-07,0.10502924150961201
Hilbert,Gauss,41,1,6.361296978408498e-15,433.94073208013566
Hilbert,Seidel,41,10000,7.358639449450729e-07,0.1064861007127498
Hilbert,Gauss,42,1,2.429765638691145e-14,576.1514674482738
Hilbert,Seidel,42,10000,8.377119075289787e-07,0.1074544074691107
Hilbert,Gauss,43,1,5.513405993307923e-14,1437.0780981885712
Hilbert,Seidel,43,10000,9.449598763372169e-07,0.10797278893206601
Hilbert,Gauss,44,1,6.584099933341186e-15,230.54741841430692
Hilbert,Seidel,44,10000,1.0533631480584174e-06,0.1080866144281738
Hilbert,Gauss,45,1,1.5423711185402538e-15,146.71348164653926
Hilbert,Seidel,45,10000,1.1602025444503406e-06,0.10784645387473847
Hilbert,Gauss,46,1,1.456043846448818e-14,388.84350090374096
Hilbert,Seidel,46,10000,1.2637059115148038e-06,0.1073069379107059
Hilbert,Gauss,47,1,5.2397234118323067e-14,1505.8763344336844
Hilbert,Seidel,47,10000,1.362685308742516e-06,0.10652587792925139
Hilbert,Gauss,48,1,5.854781936347568e-15,220.64630214297011
Hilbert,Seidel,48,10000,1.4563163639691333e-06,0.1055635235871427
Hilbert,Gauss,49,1,1.4041139431934737e-14,1006.9693729142775
Hilbert,Seidel,49,10000,1.5440041430584866e-06,0.10448184770124784
Hilbert,Gauss,50,1,1.3662060084272717e-14,606.3335357778243
Hilbert,Seidel,50,10000,1.6253013390527092e-06,0.10334376276623157
DiagDominant,Gauss,3,1,1.2560739669470201e-15,1.5700924586837752e-16
DiagDominant,Jacobi,3,30,3.262865510837056e-10,1.0167240705951996e-10
DiagDominant,Seidel,3,13,4.277245770589573e-11,1.2643481235462995e-11
DiagDominant,Gauss,4,1,1.7763568394002505e-15,3.1401849173675503e-16
DiagDominant,Jacobi,4,51,9.365510862462847e-10,3.1452157082391664e-10
DiagDominant,Seidel,4,23,4.77218936068421e-10,8.107856311653215e-11
DiagDominant,Gauss,5,1,7.944109290391274e-15,7.850462293418876e-16
DiagDominant,Jacobi,5,34,4.567451534641153e-10,2.616172816086917e-11
DiagDominant,Seidel,5,21,1.7625310995619418e-10,1.3439533331951817e-11
DiagDominant,Gauss,6,1,9.230220894641107e-15,4.440892098500626e-16
DiagDominant,Jacobi,6,37,1.368253310496192e-09,5.510381522239042e-11
DiagDominant,Seidel,6,18,7.982662249990245e-11,6.86039714204344e-12
DiagDominant,Gauss,7,1,3.66205343881779e-15,6.568167990716596e-16
DiagDominant,Jacobi,7,25,4.5097190579321653e-10,3.895429174917389e-11
DiagDominant,Seidel,7,13,3.526556709978034e-11,1.6428501451214502e-12
DiagDominant,Gauss,8,1,8.611209269944328e-15,5.087681048627601e-16
DiagDominant,Jacobi,8,32,8.617850716172125e-10,4.757545637243712e-11
DiagDominant,Seidel,8,15,1.0092677156684869e-10,6.076289235131037e-12
DiagDominant,Gauss,9,1,1.7763568394002505e-14,6.933340566559918e-16
DiagDominant,Jacobi,9,24,5.668439534342814e-10,2.1579003557463986e-11
DiagDominant,Seidel,9,14,3.4400588251688167e-10,1.352870629269564e-11
DiagDominant,Gauss,10,1,1.3053503572900977e-14,8.3820000221454525e-16
DiagDominant,Jacobi,10,22,8.141665630601383e-10,4.082446346978216e-11
DiagDominant,Seidel,10,14,1.5286206712831558e-10,6.296259369237199e-12
DiagDominant,Gauss,11,1,2.161031364628563e-14,7.364386412590295e-16
DiagDominant,Jacobi,11,24,1.5887885544431823e-09,5.7515149463276697e-11
DiagDominant,Seidel,11,14,3.726826316685263e-10,1.2208331757070159e-11
DiagDominant,Gauss,12,1,2.1900397950137233e-14,1.1102230246251565e-15
DiagDominant,Jacobi,12,24,9.070259486389749e-10,3.037721139449595e-11
DiagDominant,Seidel,12,17,2.441701246176905e-10,8.393896331814723e-12
DiagDominant,Gauss,13,1,2.4420869033412487e-14,1.0532500405730103e-15
DiagDominant,Jacobi,13,22,1.0058023538768267e-09,3.180443904205105e-11
DiagDominant,Seidel,13,14,1.8908547575799132e-10,5.675548945091972e-12
DiagDominant,Gauss,14,1,2.8254685205885128e-14,7.611305586242616e-16
DiagDominant,Jacobi,14,22,8.302392649971528e-10,2.0929301479334543e-11
DiagDominant,Seidel,14,13,3.472858779733312e-10,9.711978603484144e-12
DiagDominant,Gauss,15,1,4.5635433489597437e-14,1.4475537224895361e-15
DiagDominant,Jacobi,15,21,9.094005756029408e-10,3.223668777462531e-11
DiagDominant,Seidel,15,14,6.853008367599302e-11,1.8884540116875026e-12
DiagDominant,Gauss,16,1,4.1163979696024694e-14,1.1267533089989422e-15
DiagDominant,Jacobi,16,19,1.0399160406438319e-09,2.2039344075767936e-11
DiagDominant,Seidel,16,13,1.972294114264791e-10,4.079198714966298e-12
DiagDominant,Gauss,17,1,3.6404482152219934e-14,1.0114613123884174e-15
DiagDominant,Jacobi,17,21,4.917586888165168e-10,1.3906505444160382e-11
DiagDominant,Seidel,17,13,1.5613357435642418e-10,4.315463582546765e-12
DiagDominant,Gauss,18,1,6.365209823104904e-14,1.3642648929939613e-15
DiagDominant,Jacobi,18,19,7.277630660462832e-10,1.516305119390928e-11
DiagDominant,Seidel,18,13,4.169548166626609e-10,9.474836154036653e-12
DiagDominant,Gauss,19,1,6.712654832942343e-14,1.5343587468447388e-15
DiagDominant,Jacobi,19,20,8.948367903696526e-10,2.4746544179597545e-11
DiagDominant,Seidel,19,13,3.6447653793401975e-10,9.64145127219416e-12
DiagDominant,Gauss,20,1,5.923557466947594e-14,1.0053497077208614e-15
DiagDominant,Jacobi,20,22,1.956564567148991e-09,2.8721160180051583e-11
DiagDominant,Seidel,20,13,1.7227093916496796e-10,4.034894274640505e-12
DiagDominant,Gauss,21,1,7.114303597610951e-14,1.3042167484290357e-15
DiagDominant,Jacobi,21,18,2.060718477638783e-09,3.378589576481279e-11
DiagDominant,Seidel,21,14,3.8479064370438e-10,6.918403351263346e-12
DiagDominant,Gauss,22,1,5.376231353587555e-14,1.1322097734007351e-15
DiagDominant,Jacobi,22,18,2.479562810479558e-09,4.9049218613655746e-11
DiagDominant,Seidel,22,13,1.8503422623180695e-10,3.087360695253102e-12
DiagDominant,Gauss,23,1,6.99803436660041e-14,1.2362920382602608e-15
DiagDominant,Jacobi,23,19,9.553611177906317e-10,1.8847565271281725e-11
DiagDominant,Seidel,23,13,2.209871324585135e-10,3.783211566959889e-12
DiagDominant,Gauss,24,1,8.673279421411239e-14,1.5700924586837751e-15
DiagDominant,Jacobi,24,18,1.3204500258771751e-09,2.422933826927836e-11
DiagDominant,Seidel,24,12,4.458014770166667e-10,7.859790316927717e-12
DiagDominant,Gauss,25,1,8.938446871844352e-14,1.6088660122137097e-15
DiagDominant,Jacobi,25,17,5.687903769348378e-10,9.795641881047141e-12
DiagDominant,Seidel,25,13,7.049329431984519e-11,1.060142228901197e-12
DiagDominant,Gauss,26,1,1.1766939537721438e-13,1.7867348644430382e-15
DiagDominant,Jacobi,26,17,1.0879257617622894e-09,1.6715319315249295e-11
DiagDominant,Seidel,26,12,4.1561856075998563e-10,5.919775462777807e-12
DiagDominant,Gauss,27,1,1.5599609355447903e-13,2.286089127109703e-15
DiagDominant,Jacobi,27,17,6.157415029738753e-10,8.41955127297411e-12
DiagDominant,Seidel,27,12,4.772224594689617e-10,7.875951380543303e-12
DiagDominant,Gauss,28,1,1.2690699051270649e-13,2.1470691453433183e-15
DiagDominant,Jacobi,28,17,3.0001916768017142e-09,4.0512889382895894e-11
DiagDominant,Seidel,28,12,6.718374968224972e-10,8.625999444804247e-12
DiagDominant,Gauss,29,1,1.6030574802071098e-13,2.432376777795247e-15
DiagDominant,Jacobi,29,17,1.4111497754757397e-09,2.4372009288909875e-11
DiagDominant,Seidel,29,13,3.348392283952755e-10,4.463370848837999e-12
DiagDominant,Gauss,30,1,1.3159435622932943e-13,1.7019396688362377e-15
DiagDominant,Jacobi,30,18,4.487027935223282e-09,8.461198795928206e-11
DiagDominant,Seidel,30,12,9.512651311674304e-10,1.4240412776383039e-11
DiagDominant,Gauss,31,1,1.163208590337554e-13,1.6946818973100072e-15
DiagDominant,Jacobi,31,16,2.6442260990579994e-09,4.0914053706808926e-11
DiagDominant,Seidel,31,12,2.3149067473328363e-10,2.9031908656468483e-12
DiagDominant,Gauss,32,1,1.4139621912173367e-13,1.800479181327181e-15
DiagDominant,Jacobi,32,17,1.054258967550942e-09,1.2193143641151729e-11
DiagDominant,Seidel,32,12,2.284421331262677e-10,2.8154721911049076e-12
DiagDominant,Gauss,33,1,1.9626934483956593e-13,2.2644195468014703e-15
DiagDominant,Jacobi,33,16,1.5571309973253962e-09,1.758045750044674e-11
DiagDominant,Seidel,33,12,4.3113761287641147e-10,5.491261982133591e-12
DiagDominant,Gauss,34,1,2.047053767865909e-13,2.2562397986482602e-15
DiagDominant,Jacobi,34,16,1.484413145289249e-09,1.7086406841609598e-11
DiagDominant,Seidel,34,12,7.23693191161444e-10,7.992781514482462e-12
DiagDominant,Gauss,35,1,1.8212639386627382e-13,1.926164957854745e-15
DiagDominant,Jacobi,35,16,1.2305756240317871e-09,1.776167508390381e-11
DiagDominant,Seidel,35,12,1.6452781279120312e-10,2.092469880457375e-12
DiagDominant,Gauss,36,1,1.923721465954157e-13,2.24254058397701e-15
DiagDominant,Jacobi,36,16,1.0785593746249744e-09,1.2197748997472776e-11
DiagDominant,Seidel,36,12,3.894319874537101e-10,4.9732284617068426e-12
DiagDominant,Gauss,37,1,2.3046133520987916e-13,2.5438405243138005e-15
DiagDominant,Jacobi,37,16,1.2136847310519079e-09,1.324782103298528e-11
DiagDominant,Seidel,37,12,1.6305928872044493e-10,1.7757235836814714e-12
DiagDominant,Gauss,38,1,2.1598629236863564e-13,2.7149436611389984e-15
DiagDominant,Jacobi,38,16,1.448654422953844e-09,1.7275576224560992e-11
DiagDominant,Seidel,38,12,7.61345256387621e-10,8.322888292697729e-12
DiagDominant,Gauss,39,1,2.1363599072362985e-13,2.318213734067276e-15
DiagDominant,Jacobi,39,15,3.206076164802728e-09,2.8406103326719984e-11
DiagDominant,Seidel,39,11,7.378869344754811e-10,7.941615447856207e-12
DiagDominant,Gauss,40,1,1.9341907757302862e-13,1.954749347017227e-15
DiagDominant,Jacobi,40,15,2.4163193895655653e-09,2.361821595936146e-11
DiagDominant,Seidel,40,11,3.3926552411847045e-10,3.4677328237755908e-12
DiagDominant,Gauss,41,1,2.1969448246381243e-13,2.38374992562561e-15
DiagDominant,Jacobi,41,16,2.592872404659424e-09,2.1988507701293566e-11
DiagDominant,Seidel,41,11,1.4645005272051157e-09,1.432224906793191e-11
DiagDominant,Gauss,42,1,2.628047754016468e-13,2.3314683517128287e-15
DiagDominant,Jacobi,42,15,2.384912467912625e-09,2.0288124789515594e-11
DiagDominant,Seidel,42,11,6.174218120105742e-10,6.2201847965226416e-12
DiagDominant,Gauss,43,1,2.781119091932414e-13,2.6645352591003757e-15
DiagDominant,Jacobi,43,15,1.9552296967796014e-09,1.9420780469355082e-11
DiagDominant,Seidel,43,11,8.528768766771002e-10,8.089177506458279e-12
DiagDominant,Gauss,44,1,2.6471889228499147e-13,2.4145755584882908e-15
DiagDominant,Jacobi,44,15,2.317470087939819e-09,2.0374273975063595e-11
DiagDominant,Seidel,44,11,1.2869832349791806e-09,1.1197771775246474e-11
DiagDominant,Gauss,45,1,3.216334305806264e-13,2.4924445086331347e-15
DiagDominant,Jacobi,45,15,1.394262080637508e-09,1.3227988659563495e-11
DiagDominant,Seidel,45,11,4.5665895871576433e-10,4.143337837263867e-12
DiagDominant,Gauss,46,1,3.350870122901482e-13,2.7555010819726127e-15
DiagDominant,Jacobi,46,15,2.4649717981419933e-09,2.5931929256325588e-11
DiagDominant,Seidel,46,11,2.7537976173964846e-10,2.4017606010639695e-12
DiagDominant,Gauss,47,1,4.1260452522232e-13,3.040470972244059e-15
DiagDominant,Jacobi,47,15,1.322617715987955e-09,1.1602541005610385e-11
DiagDominant,Seidel,47,12,1.0914411863929606e-10,9.1939512645017e-13
DiagDominant,Gauss,48,1,3.2155493553843715e-13,2.8435583831733384e-15
DiagDominant,Jacobi,48,15,2.55989667548349e-09,1.9556985265340883e-11
DiagDominant,Seidel,48,11,3.1600656668905435e-10,2.6145462179601952e-12
DiagDominant,Gauss,49,1,3.5184423277143956e-13,2.9831756714991726e-15
DiagDominant,Jacobi,49,15,2.4524924393094967e-09,2.063805257045656e-11
DiagDominant,Seidel,49,11,4.264202939520843e-10,3.3529810680369515e-12
DiagDominant,Gauss,50,1,3.4547286364679674e-13,2.882306612438861e-15
DiagDominant,Jacobi,50,15,1.5811622720130182e-09,1.4028727859219934e-11
DiagDominant,Seidel,50,11,2.756336149675798e-10,2.3108643342705477e-12
